{"cameraMode":{"drawMode":0,"name":"Shaded","section":"Shading Mode"},"sceneLighting":false,"audioPlay":false,"sceneViewState":{"showFog":true,"showMaterialUpdate":false,"showSkybox":false,"showFlares":true,"showImageEffects":true,"showParticleSystems":true},"in2DMode":false,"pivot":{"x":0.5464719533920288,"y":0.4612928628921509,"z":-0.199125736951828},"rotation":{"x":-0.32618412375450137,"y":-0.6294282674789429,"z":0.32913637161254885,"w":-0.6237832903862},"size":0.7984742522239685,"orthographic":false}